{
	"credit": "Made with Blockbench",
	"textures": {
		"0": "qualityarmory:all/rgbsheet1",
		"1": "qualityarmory:all/texturedmaterials1",
		"particle": "qualityarmory:all/rgbsheet1"
	},
	"elements": [
		{
			"name": "back",
			"from": [7.5, 4.20271, 13.51429],
			"to": [8.5, 5.85271, 18.76429],
			"faces": {
				"north": {"uv": [7, 7, 3, 4], "texture": "#1"},
				"east": {"uv": [7, 7, 3, 4], "texture": "#1"},
				"south": {"uv": [7, 7, 3, 4], "texture": "#1"},
				"west": {"uv": [7, 7, 3, 4], "texture": "#1"},
				"up": {"uv": [7, 7, 3, 4], "texture": "#1"},
				"down": {"uv": [7, 7, 3, 4], "texture": "#1"}
			}
		},
		{
			"name": "back",
			"from": [7.6, 5.80271, 14.41429],
			"to": [8.4, 5.95271, 18.76429],
			"faces": {
				"north": {"uv": [7, 7, 3, 4], "texture": "#1"},
				"east": {"uv": [7, 7, 3, 4], "texture": "#1"},
				"south": {"uv": [7, 7, 3, 4], "texture": "#1"},
				"west": {"uv": [7, 7, 3, 4], "texture": "#1"},
				"up": {"uv": [7, 7, 3, 4], "texture": "#1"},
				"down": {"uv": [7, 7, 3, 4], "texture": "#1"}
			}
		},
		{
			"name": "back",
			"from": [7.5, 4.70271, 18.75],
			"to": [8.5, 5.85271, 18.85],
			"faces": {
				"north": {"uv": [6, 9, 2, 6], "texture": "#1"},
				"east": {"uv": [6, 9, 2, 6], "texture": "#1"},
				"south": {"uv": [6, 14, 2, 11], "texture": "#1"},
				"west": {"uv": [6, 9, 2, 6], "texture": "#1"},
				"up": {"uv": [6, 9, 2, 6], "texture": "#1"},
				"down": {"uv": [6, 9, 2, 6], "texture": "#1"}
			}
		},
		{
			"name": "back",
			"from": [7.4, 4.30271, 13.51429],
			"to": [8.6, 5.75271, 18.66429],
			"faces": {
				"north": {"uv": [7, 7, 3, 4], "texture": "#1"},
				"east": {"uv": [7, 7, 3, 4], "texture": "#1"},
				"south": {"uv": [7, 7, 3, 4], "texture": "#1"},
				"west": {"uv": [7, 7, 3, 4], "texture": "#1"},
				"up": {"uv": [7, 7, 3, 4], "texture": "#1"},
				"down": {"uv": [7, 7, 3, 4], "texture": "#1"}
			}
		},
		{
			"name": "back",
			"from": [7.3, 4.50271, 16.51429],
			"to": [8.8, 5.55271, 18.76429],
			"faces": {
				"north": {"uv": [15, 4, 11, 1], "texture": "#1"},
				"east": {"uv": [15, 4, 11, 1], "texture": "#1"},
				"south": {"uv": [15, 4, 11, 1], "texture": "#1"},
				"west": {"uv": [15, 4, 11, 1], "texture": "#1"},
				"up": {"uv": [15, 4, 11, 1], "texture": "#1"},
				"down": {"uv": [15, 4, 11, 1], "texture": "#1"}
			}
		},
		{
			"name": "back",
			"from": [7.3, 4.50271, 18.76],
			"to": [8.8, 4.75271, 18.89],
			"faces": {
				"north": {"uv": [15, 4, 11, 1], "texture": "#1"},
				"east": {"uv": [15, 4, 11, 1], "texture": "#1"},
				"south": {"uv": [15, 4, 11, 1], "texture": "#1"},
				"west": {"uv": [15, 4, 11, 1], "texture": "#1"},
				"up": {"uv": [15, 4, 11, 1], "texture": "#1"},
				"down": {"uv": [15, 4, 11, 1], "texture": "#1"}
			}
		},
		{
			"name": "back",
			"from": [7.2, 4.90271, 17.01429],
			"to": [8.9, 5.15271, 17.26429],
			"faces": {
				"north": {"uv": [8, 15, 4, 12], "texture": "#1"},
				"east": {"uv": [8, 15, 4, 12], "texture": "#1"},
				"south": {"uv": [8, 15, 4, 12], "texture": "#1"},
				"west": {"uv": [8, 15, 4, 12], "texture": "#1"},
				"up": {"uv": [8, 15, 4, 12], "texture": "#1"},
				"down": {"uv": [8, 15, 4, 12], "texture": "#1"}
			}
		},
		{
			"name": "pipe",
			"from": [7.24, 6, 8.75],
			"to": [8.76, 6.5, 10.75],
			"faces": {
				"north": {"uv": [10, 15, 11, 16], "texture": "#0"},
				"east": {"uv": [10, 15, 11, 16], "texture": "#0"},
				"south": {"uv": [10, 15, 11, 16], "texture": "#0"},
				"west": {"uv": [10, 15, 11, 16], "texture": "#0"},
				"up": {"uv": [10, 15, 11, 16], "texture": "#0"},
				"down": {"uv": [10, 15, 11, 16], "texture": "#0"}
			}
		},
		{
			"name": "pipe",
			"from": [7.95, 5.2, 10.55],
			"to": [8.05, 5.35, 10.95],
			"rotation": {"angle": 22.5, "axis": "x", "origin": [8, 5.325, 10.25]},
			"faces": {
				"north": {"uv": [11, 6, 12, 7], "texture": "#0"},
				"east": {"uv": [11, 6, 12, 7], "texture": "#0"},
				"south": {"uv": [11, 6, 12, 7], "texture": "#0"},
				"west": {"uv": [11, 6, 12, 7], "texture": "#0"},
				"up": {"uv": [11, 6, 12, 7], "texture": "#0"},
				"down": {"uv": [11, 8, 12, 9], "texture": "#0"}
			}
		},
		{
			"name": "pipe",
			"from": [7.95, 5.1, 10.45],
			"to": [8.05, 5.35, 10.55],
			"rotation": {"angle": 22.5, "axis": "x", "origin": [8, 5.325, 10.25]},
			"faces": {
				"north": {"uv": [11, 6, 12, 7], "texture": "#0"},
				"east": {"uv": [11, 6, 12, 7], "texture": "#0"},
				"south": {"uv": [11, 6, 12, 7], "texture": "#0"},
				"west": {"uv": [11, 6, 12, 7], "texture": "#0"},
				"up": {"uv": [11, 6, 12, 7], "texture": "#0"},
				"down": {"uv": [11, 8, 12, 9], "texture": "#0"}
			}
		},
		{
			"name": "pipe",
			"from": [7.95, 5.1, 9.95],
			"to": [8.05, 5.15, 10.45],
			"rotation": {"angle": 22.5, "axis": "x", "origin": [8, 5.325, 10.25]},
			"faces": {
				"north": {"uv": [11, 6, 12, 7], "texture": "#0"},
				"east": {"uv": [11, 6, 12, 7], "texture": "#0"},
				"south": {"uv": [11, 6, 12, 7], "texture": "#0"},
				"west": {"uv": [11, 6, 12, 7], "texture": "#0"},
				"up": {"uv": [11, 6, 12, 7], "texture": "#0"},
				"down": {"uv": [11, 8, 12, 9], "texture": "#0"}
			}
		},
		{
			"name": "pipe",
			"from": [7.95, 5.1, 9.75],
			"to": [8.05, 5.45, 9.95],
			"rotation": {"angle": 22.5, "axis": "x", "origin": [8, 5.325, 10.25]},
			"faces": {
				"north": {"uv": [11, 6, 12, 7], "texture": "#0"},
				"east": {"uv": [11, 6, 12, 7], "texture": "#0"},
				"south": {"uv": [11, 6, 12, 7], "texture": "#0"},
				"west": {"uv": [11, 6, 12, 7], "texture": "#0"},
				"up": {"uv": [11, 6, 12, 7], "texture": "#0"},
				"down": {"uv": [11, 8, 12, 9], "texture": "#0"}
			}
		},
		{
			"name": "pipe",
			"from": [7.95, 5.2, 11.25],
			"to": [8.05, 5.45, 11.35],
			"rotation": {"angle": 0, "axis": "y", "origin": [8, 5.325, 10.25]},
			"faces": {
				"north": {"uv": [11, 6, 12, 7], "texture": "#0"},
				"east": {"uv": [11, 6, 12, 7], "texture": "#0"},
				"south": {"uv": [11, 6, 12, 7], "texture": "#0"},
				"west": {"uv": [11, 6, 12, 7], "texture": "#0"},
				"up": {"uv": [11, 6, 12, 7], "texture": "#0"},
				"down": {"uv": [11, 8, 12, 9], "texture": "#0"}
			}
		},
		{
			"name": "pipe",
			"from": [7.95, 5.1, 11.35],
			"to": [8.05, 5.25, 11.45],
			"rotation": {"angle": 0, "axis": "y", "origin": [8, 5.325, 10.25]},
			"faces": {
				"north": {"uv": [11, 6, 12, 7], "texture": "#0"},
				"east": {"uv": [11, 6, 12, 7], "texture": "#0"},
				"south": {"uv": [11, 6, 12, 7], "texture": "#0"},
				"west": {"uv": [11, 6, 12, 7], "texture": "#0"},
				"up": {"uv": [11, 6, 12, 7], "texture": "#0"},
				"down": {"uv": [11, 8, 12, 9], "texture": "#0"}
			}
		},
		{
			"name": "pipe",
			"from": [7.95, 5.4, 11.35],
			"to": [8.05, 5.65, 11.45],
			"rotation": {"angle": 0, "axis": "y", "origin": [8, 5.325, 10.25]},
			"faces": {
				"north": {"uv": [11, 6, 12, 7], "texture": "#0"},
				"east": {"uv": [11, 6, 12, 7], "texture": "#0"},
				"south": {"uv": [11, 6, 12, 7], "texture": "#0"},
				"west": {"uv": [11, 6, 12, 7], "texture": "#0"},
				"up": {"uv": [11, 6, 12, 7], "texture": "#0"},
				"down": {"uv": [11, 8, 12, 9], "texture": "#0"}
			}
		},
		{
			"name": "pipe",
			"from": [7.95, 5.5, 10.95],
			"to": [8.05, 6.05, 11.05],
			"rotation": {"angle": 22.5, "axis": "x", "origin": [8, 5.325, 10.25]},
			"faces": {
				"north": {"uv": [11, 10, 12, 11], "texture": "#0"},
				"east": {"uv": [11, 10, 12, 11], "texture": "#0"},
				"south": {"uv": [11, 10, 12, 11], "texture": "#0"},
				"west": {"uv": [11, 10, 12, 11], "texture": "#0"},
				"up": {"uv": [11, 10, 12, 11], "texture": "#0"},
				"down": {"uv": [11, 10, 12, 11], "texture": "#0"}
			}
		},
		{
			"name": "pipe",
			"from": [7.95, 5.5, 10.85],
			"to": [8.05, 5.65, 10.95],
			"rotation": {"angle": 22.5, "axis": "x", "origin": [8, 5.325, 10.25]},
			"faces": {
				"north": {"uv": [11, 10, 12, 11], "texture": "#0"},
				"east": {"uv": [11, 10, 12, 11], "texture": "#0"},
				"south": {"uv": [11, 10, 12, 11], "texture": "#0"},
				"west": {"uv": [11, 10, 12, 11], "texture": "#0"},
				"up": {"uv": [11, 10, 12, 11], "texture": "#0"},
				"down": {"uv": [11, 10, 12, 11], "texture": "#0"}
			}
		},
		{
			"name": "pipe",
			"from": [7.95, 5.45, 7.25],
			"to": [8.05, 5.55, 9.85],
			"rotation": {"angle": 0, "axis": "y", "origin": [8, 5.325, 10.25]},
			"faces": {
				"north": {"uv": [11, 6, 12, 7], "texture": "#0"},
				"east": {"uv": [11, 6, 12, 7], "texture": "#0"},
				"south": {"uv": [11, 6, 12, 7], "texture": "#0"},
				"west": {"uv": [11, 6, 12, 7], "texture": "#0"},
				"up": {"uv": [11, 6, 12, 7], "texture": "#0"},
				"down": {"uv": [11, 8, 12, 9], "texture": "#0"}
			}
		},
		{
			"name": "pipe",
			"from": [7.95, 5.45, -4.45],
			"to": [8.05, 5.55, 3.05],
			"rotation": {"angle": 0, "axis": "y", "origin": [8, 5.425, 10.25]},
			"faces": {
				"north": {"uv": [4, 8, 5, 9], "texture": "#0"},
				"east": {"uv": [4, 8, 5, 9], "texture": "#0"},
				"south": {"uv": [4, 8, 5, 9], "texture": "#0"},
				"west": {"uv": [4, 8, 5, 9], "texture": "#0"},
				"up": {"uv": [4, 8, 5, 9], "texture": "#0"},
				"down": {"uv": [4, 8, 5, 9], "texture": "#0"}
			}
		},
		{
			"name": "pipe",
			"from": [7.85, 5.545, 7.05],
			"to": [8.175, 5.615, 7.575],
			"rotation": {"angle": 0, "axis": "y", "origin": [8, 5.425, 10.25]},
			"faces": {
				"north": {"uv": [11, 6, 12, 7], "texture": "#0"},
				"east": {"uv": [11, 6, 12, 7], "texture": "#0"},
				"south": {"uv": [11, 6, 12, 7], "texture": "#0"},
				"west": {"uv": [11, 6, 12, 7], "texture": "#0"},
				"up": {"uv": [11, 6, 12, 7], "texture": "#0"},
				"down": {"uv": [11, 8, 12, 9], "texture": "#0"}
			}
		},
		{
			"name": "pipe",
			"from": [7.95, 4.95, 10.85],
			"to": [8.05, 5.1, 11.8],
			"rotation": {"angle": 0, "axis": "y", "origin": [0, -0.3, 0]},
			"faces": {
				"north": {"uv": [11, 6, 12, 7], "texture": "#0"},
				"east": {"uv": [11, 6, 12, 7], "texture": "#0"},
				"south": {"uv": [11, 6, 12, 7], "texture": "#0"},
				"west": {"uv": [11, 6, 12, 7], "texture": "#0"},
				"up": {"uv": [11, 6, 12, 7], "texture": "#0"},
				"down": {"uv": [11, 6, 12, 7], "texture": "#0"}
			}
		},
		{
			"name": "pipe",
			"from": [7.95, 5.05, 11.75],
			"to": [8.05, 5.2, 11.9],
			"rotation": {"angle": 0, "axis": "y", "origin": [0, -0.3, 0]},
			"faces": {
				"north": {"uv": [11, 6, 12, 7], "texture": "#0"},
				"east": {"uv": [11, 6, 12, 7], "texture": "#0"},
				"south": {"uv": [11, 6, 12, 7], "texture": "#0"},
				"west": {"uv": [11, 6, 12, 7], "texture": "#0"},
				"up": {"uv": [11, 6, 12, 7], "texture": "#0"},
				"down": {"uv": [11, 6, 12, 7], "texture": "#0"}
			}
		},
		{
			"name": "pipe",
			"from": [7.95, 5.15, 11.85],
			"to": [8.05, 5.6, 12],
			"rotation": {"angle": 0, "axis": "y", "origin": [0, -0.3, 0]},
			"faces": {
				"north": {"uv": [11, 6, 12, 7], "texture": "#0"},
				"east": {"uv": [11, 6, 12, 7], "texture": "#0"},
				"south": {"uv": [11, 6, 12, 7], "texture": "#0"},
				"west": {"uv": [11, 6, 12, 7], "texture": "#0"},
				"up": {"uv": [11, 6, 12, 7], "texture": "#0"},
				"down": {"uv": [11, 6, 12, 7], "texture": "#0"}
			}
		},
		{
			"name": "pipe",
			"from": [7.95, 6.25, -4.75],
			"to": [8.05, 6.5, 11],
			"faces": {
				"north": {"uv": [10, 15, 11, 16], "texture": "#0"},
				"east": {"uv": [10, 15, 11, 16], "texture": "#0"},
				"south": {"uv": [10, 15, 11, 16], "texture": "#0"},
				"west": {"uv": [10, 15, 11, 16], "texture": "#0"},
				"up": {"uv": [10, 15, 11, 16], "texture": "#0"},
				"down": {"uv": [10, 15, 11, 16], "texture": "#0"}
			}
		},
		{
			"name": "pipe",
			"from": [7.85, 6.8, -4.9],
			"to": [8.15, 6.85, 10.95],
			"faces": {
				"north": {"uv": [1, 13, 6, 16], "texture": "#1"},
				"east": {"uv": [1, 13, 6, 16], "texture": "#1"},
				"south": {"uv": [1, 13, 6, 16], "texture": "#1"},
				"west": {"uv": [1, 13, 6, 16], "texture": "#1"},
				"up": {"uv": [1, 13, 6, 16], "texture": "#1"},
				"down": {"uv": [1, 13, 6, 16], "texture": "#1"}
			}
		},
		{
			"name": "pipe",
			"from": [7.95, 6.8, 0.2],
			"to": [8.05, 6.95, 2.15],
			"faces": {
				"north": {"uv": [1, 13, 6, 16], "texture": "#1"},
				"east": {"uv": [1, 13, 6, 16], "texture": "#1"},
				"south": {"uv": [1, 13, 6, 16], "texture": "#1"},
				"west": {"uv": [1, 13, 6, 16], "texture": "#1"},
				"up": {"uv": [1, 13, 6, 16], "texture": "#1"},
				"down": {"uv": [1, 13, 6, 16], "texture": "#1"}
			}
		},
		{
			"name": "pipe",
			"from": [7.95, 6.8, -4.8],
			"to": [8.05, 6.87, -4.25],
			"faces": {
				"north": {"uv": [1, 13, 6, 16], "texture": "#1"},
				"east": {"uv": [1, 13, 6, 16], "texture": "#1"},
				"south": {"uv": [1, 13, 6, 16], "texture": "#1"},
				"west": {"uv": [1, 13, 6, 16], "texture": "#1"},
				"up": {"uv": [1, 13, 6, 16], "texture": "#1"},
				"down": {"uv": [1, 13, 6, 16], "texture": "#1"}
			}
		},
		{
			"name": "pipe",
			"from": [7.95, 6.8, 4.9],
			"to": [8.05, 6.95, 6.85],
			"faces": {
				"north": {"uv": [1, 13, 6, 16], "texture": "#1"},
				"east": {"uv": [1, 13, 6, 16], "texture": "#1"},
				"south": {"uv": [1, 13, 6, 16], "texture": "#1"},
				"west": {"uv": [1, 13, 6, 16], "texture": "#1"},
				"up": {"uv": [1, 13, 6, 16], "texture": "#1"},
				"down": {"uv": [1, 13, 6, 16], "texture": "#1"}
			}
		},
		{
			"name": "pipe",
			"from": [7.95, 6.8, 6.86],
			"to": [8.05, 7.07, 7.11],
			"faces": {
				"north": {"uv": [1, 13, 6, 16], "texture": "#1"},
				"east": {"uv": [1, 13, 6, 16], "texture": "#1"},
				"south": {"uv": [1, 13, 6, 16], "texture": "#1"},
				"west": {"uv": [1, 13, 6, 16], "texture": "#1"},
				"up": {"uv": [1, 13, 6, 16], "texture": "#1"},
				"down": {"uv": [1, 13, 6, 16], "texture": "#1"}
			}
		},
		{
			"name": "pipe",
			"from": [7.7, 6.4, -5],
			"to": [8.3, 6.8, 10.8],
			"faces": {
				"north": {"uv": [1, 13, 6, 16], "texture": "#1"},
				"east": {"uv": [1, 13, 6, 16], "texture": "#1"},
				"south": {"uv": [1, 13, 6, 16], "texture": "#1"},
				"west": {"uv": [1, 13, 6, 16], "texture": "#1"},
				"up": {"uv": [1, 13, 6, 16], "texture": "#1"},
				"down": {"uv": [1, 13, 6, 16], "texture": "#1"}
			}
		},
		{
			"name": "pipe",
			"from": [8.5, 6.4, 7.4],
			"to": [8.8, 6.7, 10.9],
			"rotation": {"angle": 0, "axis": "y", "origin": [0.2, -0.2, 0]},
			"faces": {
				"north": {"uv": [1, 13, 6, 16], "texture": "#1"},
				"east": {"uv": [1, 13, 6, 16], "texture": "#1"},
				"south": {"uv": [1, 13, 6, 16], "texture": "#1"},
				"west": {"uv": [1, 13, 6, 16], "texture": "#1"},
				"up": {"uv": [1, 13, 6, 16], "texture": "#1"},
				"down": {"uv": [1, 13, 6, 16], "texture": "#1"}
			}
		},
		{
			"name": "pipe",
			"from": [8.5, 6.6, 7.6],
			"to": [8.7, 6.8, 10.8],
			"faces": {
				"north": {"uv": [1, 13, 6, 16], "texture": "#1"},
				"east": {"uv": [1, 13, 6, 16], "texture": "#1"},
				"south": {"uv": [1, 13, 6, 16], "texture": "#1"},
				"west": {"uv": [1, 13, 6, 16], "texture": "#1"},
				"up": {"uv": [1, 13, 6, 16], "texture": "#1"},
				"down": {"uv": [1, 13, 6, 16], "texture": "#1"}
			}
		},
		{
			"name": "pipe",
			"from": [8.7, 6, 8.2],
			"to": [8.87, 6.5, 10.1],
			"rotation": {"angle": 0, "axis": "y", "origin": [0.2, -0.2, 0]},
			"faces": {
				"north": {"uv": [1, 13, 6, 16], "texture": "#1"},
				"east": {"uv": [1, 13, 6, 16], "texture": "#1"},
				"south": {"uv": [1, 13, 6, 16], "texture": "#1"},
				"west": {"uv": [1, 13, 6, 16], "texture": "#1"},
				"up": {"uv": [1, 13, 6, 16], "texture": "#1"},
				"down": {"uv": [1, 13, 6, 16], "texture": "#1"}
			}
		},
		{
			"name": "pipe",
			"from": [8.8, 6.3, 8.3],
			"to": [8.97, 6.5, 10],
			"rotation": {"angle": 0, "axis": "y", "origin": [0.2, -0.2, 0]},
			"faces": {
				"north": {"uv": [1, 13, 6, 16], "texture": "#1"},
				"east": {"uv": [1, 13, 6, 16], "texture": "#1"},
				"south": {"uv": [1, 13, 6, 16], "texture": "#1"},
				"west": {"uv": [1, 13, 6, 16], "texture": "#1"},
				"up": {"uv": [1, 13, 6, 16], "texture": "#1"},
				"down": {"uv": [1, 13, 6, 16], "texture": "#1"}
			}
		},
		{
			"name": "woodholder",
			"from": [7.35, 5.85, -4.35],
			"to": [7.45, 6.65, 11],
			"faces": {
				"north": {"uv": [7, 7, 3, 4], "texture": "#1"},
				"east": {"uv": [7, 7, 3, 4], "texture": "#1"},
				"south": {"uv": [7, 7, 3, 4], "texture": "#1"},
				"west": {"uv": [7, 7, 3, 4], "texture": "#1"},
				"up": {"uv": [7, 7, 3, 4], "texture": "#1"},
				"down": {"uv": [7, 7, 3, 4], "texture": "#1"}
			}
		},
		{
			"name": "woodholder",
			"from": [7.25, 5.95, -4.25],
			"to": [7.35, 6.55, 10.8],
			"faces": {
				"north": {"uv": [7, 7, 3, 4], "texture": "#1"},
				"east": {"uv": [7, 7, 3, 4], "texture": "#1"},
				"south": {"uv": [7, 7, 3, 4], "texture": "#1"},
				"west": {"uv": [7, 7, 3, 4], "texture": "#1"},
				"up": {"uv": [7, 7, 3, 4], "texture": "#1"},
				"down": {"uv": [7, 7, 3, 4], "texture": "#1"}
			}
		},
		{
			"name": "woodholder",
			"from": [8.55, 5.85, -4.35],
			"to": [8.65, 6.65, 11],
			"faces": {
				"north": {"uv": [7, 7, 3, 4], "texture": "#1"},
				"east": {"uv": [7, 7, 3, 4], "texture": "#1"},
				"south": {"uv": [7, 7, 3, 4], "texture": "#1"},
				"west": {"uv": [7, 7, 3, 4], "texture": "#1"},
				"up": {"uv": [7, 7, 3, 4], "texture": "#1"},
				"down": {"uv": [7, 7, 3, 4], "texture": "#1"}
			}
		},
		{
			"name": "woodholder",
			"from": [8.65, 5.95, -4.25],
			"to": [8.75, 6.55, 10.8],
			"faces": {
				"north": {"uv": [7, 7, 3, 4], "texture": "#1"},
				"east": {"uv": [7, 7, 3, 4], "texture": "#1"},
				"south": {"uv": [7, 7, 3, 4], "texture": "#1"},
				"west": {"uv": [7, 7, 3, 4], "texture": "#1"},
				"up": {"uv": [7, 7, 3, 4], "texture": "#1"},
				"down": {"uv": [7, 7, 3, 4], "texture": "#1"}
			}
		},
		{
			"name": "woodholder",
			"from": [7.45, 5.75, -4.45],
			"to": [8.55, 6.75, 11],
			"faces": {
				"north": {"uv": [7, 7, 3, 4], "texture": "#1"},
				"east": {"uv": [7, 7, 3, 4], "texture": "#1"},
				"south": {"uv": [7, 7, 3, 4], "texture": "#1"},
				"west": {"uv": [7, 7, 3, 4], "texture": "#1"},
				"up": {"uv": [7, 7, 3, 4], "texture": "#1"},
				"down": {"uv": [7, 7, 3, 4], "texture": "#1"}
			}
		},
		{
			"name": "woodholder",
			"from": [7.45, 5.65, -4.35],
			"to": [8.55, 5.75, 11],
			"faces": {
				"north": {"uv": [7, 7, 3, 4], "texture": "#1"},
				"east": {"uv": [7, 7, 3, 4], "texture": "#1"},
				"south": {"uv": [7, 7, 3, 4], "texture": "#1"},
				"west": {"uv": [7, 7, 3, 4], "texture": "#1"},
				"up": {"uv": [7, 7, 3, 4], "texture": "#1"},
				"down": {"uv": [7, 7, 3, 4], "texture": "#1"}
			}
		},
		{
			"name": "woodholder",
			"from": [7.55, 5.55, -4.25],
			"to": [8.45, 5.65, 11],
			"faces": {
				"north": {"uv": [7, 7, 3, 4], "texture": "#1"},
				"east": {"uv": [7, 7, 3, 4], "texture": "#1"},
				"south": {"uv": [7, 7, 3, 4], "texture": "#1"},
				"west": {"uv": [7, 7, 3, 4], "texture": "#1"},
				"up": {"uv": [7, 7, 3, 4], "texture": "#1"},
				"down": {"uv": [7, 7, 3, 4], "texture": "#1"}
			}
		},
		{
			"name": "woodholder",
			"from": [7.55, 5.38, 3.05],
			"to": [8.45, 5.58, 7],
			"faces": {
				"north": {"uv": [7, 7, 3, 4], "texture": "#1"},
				"east": {"uv": [7, 7, 3, 4], "texture": "#1"},
				"south": {"uv": [7, 7, 3, 4], "texture": "#1"},
				"west": {"uv": [7, 7, 3, 4], "texture": "#1"},
				"up": {"uv": [7, 7, 3, 4], "texture": "#1"},
				"down": {"uv": [7, 7, 3, 4], "texture": "#1"}
			}
		},
		{
			"name": "woodholder",
			"from": [7.75, 5.28, -0.55],
			"to": [8.25, 5.58, 0],
			"faces": {
				"north": {"uv": [7, 7, 3, 4], "texture": "#1"},
				"east": {"uv": [7, 7, 3, 4], "texture": "#1"},
				"south": {"uv": [7, 7, 3, 4], "texture": "#1"},
				"west": {"uv": [7, 7, 3, 4], "texture": "#1"},
				"up": {"uv": [7, 7, 3, 4], "texture": "#1"},
				"down": {"uv": [7, 7, 3, 4], "texture": "#1"}
			}
		},
		{
			"name": "woodholder",
			"from": [7.75, 5.28, -3.75],
			"to": [8.25, 5.58, -3.2],
			"faces": {
				"north": {"uv": [7, 7, 3, 4], "texture": "#1"},
				"east": {"uv": [7, 7, 3, 4], "texture": "#1"},
				"south": {"uv": [7, 7, 3, 4], "texture": "#1"},
				"west": {"uv": [7, 7, 3, 4], "texture": "#1"},
				"up": {"uv": [7, 7, 3, 4], "texture": "#1"},
				"down": {"uv": [7, 7, 3, 4], "texture": "#1"}
			}
		},
		{
			"name": "stock",
			"from": [7.6, 7, 12.1],
			"to": [8.4, 8, 15],
			"rotation": {"angle": 22.5, "axis": "x", "origin": [8, 8, 8]},
			"faces": {
				"north": {"uv": [7, 7, 3, 4], "texture": "#1"},
				"east": {"uv": [7, 7, 3, 4], "texture": "#1"},
				"south": {"uv": [7, 7, 3, 4], "texture": "#1"},
				"west": {"uv": [7, 7, 3, 4], "texture": "#1"},
				"up": {"uv": [7, 7, 3, 4], "texture": "#1"},
				"down": {"uv": [7, 7, 3, 4], "texture": "#1"}
			}
		},
		{
			"name": "stock",
			"from": [7.5, 7, 11],
			"to": [8.5, 8, 12.1],
			"rotation": {"angle": 22.5, "axis": "x", "origin": [8, 8, 8]},
			"faces": {
				"north": {"uv": [7, 7, 3, 4], "texture": "#1"},
				"east": {"uv": [7, 7, 3, 4], "texture": "#1"},
				"south": {"uv": [7, 7, 3, 4], "texture": "#1"},
				"west": {"uv": [7, 7, 3, 4], "texture": "#1"},
				"up": {"uv": [7, 7, 3, 4], "texture": "#1"},
				"down": {"uv": [7, 7, 3, 4], "texture": "#1"}
			}
		},
		{
			"name": "stock",
			"from": [7.6, 8, 11.1],
			"to": [8.4, 8.1, 12],
			"rotation": {"angle": 22.5, "axis": "x", "origin": [8, 8, 8]},
			"faces": {
				"north": {"uv": [7, 7, 3, 4], "texture": "#1"},
				"east": {"uv": [7, 7, 3, 4], "texture": "#1"},
				"south": {"uv": [7, 7, 3, 4], "texture": "#1"},
				"west": {"uv": [7, 7, 3, 4], "texture": "#1"},
				"up": {"uv": [7, 7, 3, 4], "texture": "#1"},
				"down": {"uv": [7, 7, 3, 4], "texture": "#1"}
			}
		},
		{
			"name": "stock",
			"from": [7.7, 7.4, 13],
			"to": [8.7, 7.9, 15.4],
			"rotation": {"angle": 22.5, "axis": "x", "origin": [8, 8, 8]},
			"faces": {
				"north": {"uv": [7, 7, 3, 4], "texture": "#1"},
				"east": {"uv": [7, 7, 3, 4], "texture": "#1"},
				"south": {"uv": [7, 7, 3, 4], "texture": "#1"},
				"west": {"uv": [7, 7, 3, 4], "texture": "#1"},
				"up": {"uv": [7, 7, 3, 4], "texture": "#1"},
				"down": {"uv": [7, 7, 3, 4], "texture": "#1"}
			}
		},
		{
			"name": "lever",
			"from": [8.65, 6.4, 9.75],
			"to": [9, 6.65, 9.85],
			"rotation": {"angle": 0, "axis": "y", "origin": [0.2, -0.2, 0]},
			"faces": {
				"north": {"uv": [10, 9, 11, 10], "rotation": 270, "texture": "#0"},
				"east": {"uv": [10, 9, 11, 10], "rotation": 270, "texture": "#0"},
				"south": {"uv": [10, 9, 11, 10], "rotation": 270, "texture": "#0"},
				"west": {"uv": [10, 9, 11, 10], "rotation": 270, "texture": "#0"},
				"up": {"uv": [10, 9, 11, 10], "rotation": 270, "texture": "#0"},
				"down": {"uv": [10, 9, 11, 10], "rotation": 270, "texture": "#0"}
			}
		},
		{
			"name": "lever",
			"from": [8.65, 6.3, 9.85],
			"to": [9, 6.55, 9.95],
			"rotation": {"angle": 0, "axis": "y", "origin": [0.2, -0.2, 0]},
			"faces": {
				"north": {"uv": [10, 9, 11, 10], "rotation": 270, "texture": "#0"},
				"east": {"uv": [10, 9, 11, 10], "rotation": 270, "texture": "#0"},
				"south": {"uv": [10, 9, 11, 10], "rotation": 270, "texture": "#0"},
				"west": {"uv": [10, 9, 11, 10], "rotation": 270, "texture": "#0"},
				"up": {"uv": [10, 9, 11, 10], "rotation": 270, "texture": "#0"},
				"down": {"uv": [10, 9, 11, 10], "rotation": 270, "texture": "#0"}
			}
		},
		{
			"name": "lever",
			"from": [8.55, 6.2, 9.95],
			"to": [9, 6.4, 10.15],
			"rotation": {"angle": 0, "axis": "y", "origin": [0.2, -0.2, 0]},
			"faces": {
				"north": {"uv": [15, 14, 16, 15], "rotation": 270, "texture": "#0"},
				"east": {"uv": [15, 14, 16, 15], "rotation": 270, "texture": "#0"},
				"south": {"uv": [15, 14, 16, 15], "rotation": 270, "texture": "#0"},
				"west": {"uv": [15, 14, 16, 15], "rotation": 270, "texture": "#0"},
				"up": {"uv": [15, 14, 16, 15], "rotation": 270, "texture": "#0"},
				"down": {"uv": [15, 14, 16, 15], "rotation": 270, "texture": "#0"}
			}
		},
		{
			"name": "lever",
			"from": [8.95, 6.5, 9.65],
			"to": [9, 6.75, 9.75],
			"rotation": {"angle": 0, "axis": "y", "origin": [0.2, -0.2, 0]},
			"faces": {
				"north": {"uv": [10, 9, 11, 10], "rotation": 270, "texture": "#0"},
				"east": {"uv": [10, 9, 11, 10], "rotation": 270, "texture": "#0"},
				"south": {"uv": [10, 9, 11, 10], "rotation": 270, "texture": "#0"},
				"west": {"uv": [10, 9, 11, 10], "rotation": 270, "texture": "#0"},
				"up": {"uv": [10, 9, 11, 10], "rotation": 270, "texture": "#0"},
				"down": {"uv": [10, 9, 11, 10], "rotation": 270, "texture": "#0"}
			}
		},
		{
			"name": "lever",
			"from": [8.95, 6.6, 9.55],
			"to": [9, 6.85, 9.65],
			"rotation": {"angle": 0, "axis": "y", "origin": [0.2, -0.2, 0]},
			"faces": {
				"north": {"uv": [10, 9, 11, 10], "rotation": 270, "texture": "#0"},
				"east": {"uv": [10, 9, 11, 10], "rotation": 270, "texture": "#0"},
				"south": {"uv": [10, 9, 11, 10], "rotation": 270, "texture": "#0"},
				"west": {"uv": [10, 9, 11, 10], "rotation": 270, "texture": "#0"},
				"up": {"uv": [10, 9, 11, 10], "rotation": 270, "texture": "#0"},
				"down": {"uv": [10, 9, 11, 10], "rotation": 270, "texture": "#0"}
			}
		},
		{
			"name": "lever",
			"from": [8.95, 6.8, 9.65],
			"to": [9, 6.95, 9.75],
			"rotation": {"angle": 0, "axis": "y", "origin": [0.2, -0.2, 0]},
			"faces": {
				"north": {"uv": [10, 9, 11, 10], "rotation": 270, "texture": "#0"},
				"east": {"uv": [10, 9, 11, 10], "rotation": 270, "texture": "#0"},
				"south": {"uv": [10, 9, 11, 10], "rotation": 270, "texture": "#0"},
				"west": {"uv": [10, 9, 11, 10], "rotation": 270, "texture": "#0"},
				"up": {"uv": [10, 9, 11, 10], "rotation": 270, "texture": "#0"},
				"down": {"uv": [10, 9, 11, 10], "rotation": 270, "texture": "#0"}
			}
		},
		{
			"name": "lever",
			"from": [8.95, 6.7, 9.45],
			"to": [9, 6.75, 9.55],
			"rotation": {"angle": 0, "axis": "y", "origin": [0.2, -0.2, 0]},
			"faces": {
				"north": {"uv": [10, 9, 11, 10], "rotation": 270, "texture": "#0"},
				"east": {"uv": [10, 9, 11, 10], "rotation": 270, "texture": "#0"},
				"south": {"uv": [10, 9, 11, 10], "rotation": 270, "texture": "#0"},
				"west": {"uv": [10, 9, 11, 10], "rotation": 270, "texture": "#0"},
				"up": {"uv": [10, 9, 11, 10], "rotation": 270, "texture": "#0"},
				"down": {"uv": [10, 9, 11, 10], "rotation": 270, "texture": "#0"}
			}
		},
		{
			"name": "lever",
			"from": [8.95, 6.5, 9.55],
			"to": [9, 6.55, 9.65],
			"rotation": {"angle": 0, "axis": "y", "origin": [0.2, -0.2, 0]},
			"faces": {
				"north": {"uv": [10, 9, 11, 10], "rotation": 270, "texture": "#0"},
				"east": {"uv": [10, 9, 11, 10], "rotation": 270, "texture": "#0"},
				"south": {"uv": [10, 9, 11, 10], "rotation": 270, "texture": "#0"},
				"west": {"uv": [10, 9, 11, 10], "rotation": 270, "texture": "#0"},
				"up": {"uv": [10, 9, 11, 10], "rotation": 270, "texture": "#0"},
				"down": {"uv": [10, 9, 11, 10], "rotation": 270, "texture": "#0"}
			}
		},
		{
			"name": "lever",
			"from": [8.85, 2.4, 10.75],
			"to": [9, 2.85, 10.85],
			"rotation": {"angle": -22.5, "axis": "x", "origin": [0.2, -0.2, 0]},
			"faces": {
				"north": {"uv": [3, 10, 4, 11], "rotation": 270, "texture": "#0"},
				"east": {"uv": [3, 10, 4, 11], "rotation": 270, "texture": "#0"},
				"south": {"uv": [3, 10, 4, 11], "rotation": 270, "texture": "#0"},
				"west": {"uv": [3, 10, 4, 11], "rotation": 270, "texture": "#0"},
				"up": {"uv": [3, 10, 4, 11], "rotation": 270, "texture": "#0"},
				"down": {"uv": [3, 10, 4, 11], "rotation": 270, "texture": "#0"}
			}
		},
		{
			"name": "lever",
			"from": [8.85, 2.4, 10.7],
			"to": [9.03, 2.55, 10.87],
			"rotation": {"angle": -22.5, "axis": "x", "origin": [0.2, -0.2, 0]},
			"faces": {
				"north": {"uv": [2, 9, 3, 10], "rotation": 270, "texture": "#0"},
				"east": {"uv": [2, 9, 3, 10], "rotation": 270, "texture": "#0"},
				"south": {"uv": [2, 9, 3, 10], "rotation": 270, "texture": "#0"},
				"west": {"uv": [2, 9, 3, 10], "rotation": 270, "texture": "#0"},
				"up": {"uv": [2, 9, 3, 10], "rotation": 270, "texture": "#0"},
				"down": {"uv": [2, 9, 3, 10], "rotation": 270, "texture": "#0"}
			}
		},
		{
			"name": "lever",
			"from": [8.85, 2.6, 10.65],
			"to": [9, 2.95, 10.75],
			"rotation": {"angle": -22.5, "axis": "x", "origin": [0.2, -0.2, 0]},
			"faces": {
				"north": {"uv": [3, 10, 4, 11], "rotation": 270, "texture": "#0"},
				"east": {"uv": [3, 10, 4, 11], "rotation": 270, "texture": "#0"},
				"south": {"uv": [3, 10, 4, 11], "rotation": 270, "texture": "#0"},
				"west": {"uv": [3, 10, 4, 11], "rotation": 270, "texture": "#0"},
				"up": {"uv": [3, 10, 4, 11], "rotation": 270, "texture": "#0"},
				"down": {"uv": [3, 10, 4, 11], "rotation": 270, "texture": "#0"}
			}
		},
		{
			"name": "lever",
			"from": [8.85, 2.9, 10.45],
			"to": [9, 3.05, 10.65],
			"rotation": {"angle": -22.5, "axis": "x", "origin": [0.2, -0.2, 0]},
			"faces": {
				"north": {"uv": [3, 10, 4, 11], "rotation": 270, "texture": "#0"},
				"east": {"uv": [3, 10, 4, 11], "rotation": 270, "texture": "#0"},
				"south": {"uv": [3, 10, 4, 11], "rotation": 270, "texture": "#0"},
				"west": {"uv": [3, 10, 4, 11], "rotation": 270, "texture": "#0"},
				"up": {"uv": [3, 10, 4, 11], "rotation": 270, "texture": "#0"},
				"down": {"uv": [3, 10, 4, 11], "rotation": 270, "texture": "#0"}
			}
		}
	],
	"overrides": [
		{"model": "qualityarmory:guns/bakerrifle", "predicate": {"custom_model_data": 78}}
	],
	"display": {
		"thirdperson_righthand": {
			"rotation": [-7, -2, -10],
			"translation": [0, 4, -2]
		},
		"thirdperson_lefthand": {
			"translation": [-12, 1.5, -1]
		},
		"firstperson_righthand": {
			"rotation": [0, -2, 0],
			"translation": [0, 5, 0],
			"scale": [1.6, 1.6, 1.6]
		},
		"firstperson_lefthand": {
			"translation": [-9, 8, 5],
			"scale": [3, 3, 0.7]
		},
		"ground": {
			"rotation": [0, 0, -23],
			"translation": [3.59, -0.94, 6.05]
		},
		"gui": {
			"rotation": [42, -40, 15],
			"translation": [0, 2, 0]
		},
		"fixed": {
			"rotation": [-97, 132, 99],
			"translation": [0.5, 3.25, -0.75]
		}
	}
}